Company Name,Skills required,Location,Job link
Cotocus,"machinelearning,docker,datascience",Bengaluru / Bangalore,https://www.timesjobs.com/job-detail/machine-learning-engineer-cotocus-bengaluru-bangalore-0-to-3-yrs-jobid-sUMn__PLUS__W5YXrBzpSvf__PLUS__uAgZw==&source=srp
Kwalee,"artificialintelligence,sql,jam,games,python,simulator,mobile,problemsolving,machinelearning",Bengaluru / Bangalore,https://www.timesjobs.com/job-detail/machine-learning-engineer-kwalee-bengaluru-bangalore-0-to-3-yrs-jobid-8IJB0uQkslBzpSvf__PLUS__uAgZw==&source=srp
freshworkstechnologiesltd,"algorithms,ds,java,oops,softwareengineer,softwareengineering,datastructures,api,crm,san,python,machinelearning",Chennai,https://www.timesjobs.com/job-detail/lead-software-engineer-machine-learning-freshworks-technologies-ltd-chennai-0-to-3-yrs-jobid-qS9Q3dkW1yRzpSvf__PLUS__uAgZw==&source=srp
freshworkstechnologiesltd,"algorithms,database,softwareengineer,softwareengineering,datastructures,api,hadoop,bigdata,technicalskills,crm,san,python,naturallanguageprocessing,machinelearning,messaging,writtencommunication",Bengaluru / Bangalore,https://www.timesjobs.com/job-detail/lead-software-engineer-machine-learning-freshworks-technologies-ltd-bengaluru-bangalore-0-to-3-yrs-jobid-tqM1AorgfflzpSvf__PLUS__uAgZw==&source=srp
Cellworks,"algorithms,python,datamining,machinelearning,nosql,d3.js,java,datastructures,mysql",,https://www.timesjobs.com/job-detail/data-scientist-cellworks-0-to-3-yrs-jobid-4EBLs3Fk3rNzpSvf__PLUS__uAgZw==&source=srp
OrangeBusinessServices,"hive,algorithms,datamining,sql,d3.js,api,bigdata,python,machinelearning,nosql",Gurgaon,https://www.timesjobs.com/job-detail/data-scientist-orange-business-services-gurgaon-0-to-3-yrs-jobid-pWxtJTasooVzpSvf__PLUS__uAgZw==&source=srp
nielsensports,"artificialintelligence,database,problemsolving,teamplayer,machinelearning,datacommunication",Jeddah,https://www.timesjobs.com/job-detail/data-scientist-nielsensports-jeddah-0-to-3-yrs-jobid-aluWnH8m221zpSvf__PLUS__uAgZw==&source=srp
iontradingindiapvt.ltd.,"hive,cloudera,algorithms,datamining,dbms,sql,java,xml,mysql,hadoop,bigdata,hbase,python,microsoftazure,problemsolving,impala,machinelearning,hdfs",Italy,https://www.timesjobs.com/job-detail/data-scientist-ion-trading-india-pvt-ltd-italy-0-to-3-yrs-jobid-qtgcC1LVSNJzpSvf__PLUS__uAgZw==&source=srp
BoyenHaddinConsultantsLLP,"hive,algorithms,machinelearning,sql,pig,d3.js",Mumbai,https://www.timesjobs.com/job-detail/data-engineer-machine-learning-boyen-haddin-consultants-llp-mumbai-0-to-3-yrs-jobid-lWos6FdMjABzpSvf__PLUS__uAgZw==&source=srp
AlstomProjectsIndiaLtd.,"algorithms,datamining,database,machinelearning,infrastructure,reportingtools",,https://www.timesjobs.com/job-detail/data-scientist-m-f-d-alstom-projects-india-ltd-0-to-3-yrs-jobid-S__SLASH__QhGvaz25BzpSvf__PLUS__uAgZw==&source=srp
AlstomProjectsIndiaLtd.,"fundamentals,algorithms,signalprocessing,datamining,artificialintelligence,sql,databasemanagement,database,git,linux,debugging,shellscripting,imageprocessing,python,mining,machinelearning,infrastructure",,https://www.timesjobs.com/job-detail/senior-data-scientist-alstom-projects-india-ltd-0-to-3-yrs-jobid-PXDZtvwbUWBzpSvf__PLUS__uAgZw==&source=srp
TACSecurity,"san,python,enterprisesecurity,machinelearning,artificialintelligence,database,security,mysql,hadoop,bigdata",Mumbai,https://www.timesjobs.com/job-detail/machine-learning-engineer-tac-security-mumbai-0-to-3-yrs-jobid-rtS3gxwy8vhzpSvf__PLUS__uAgZw==&source=srp
paxceltechnologiespvt.ltt/paxcomindia(p)ltd,"fundamentals,algorithms,cuda,pythonscripting,git,linux,debugging,telecom,datastructures,softwareengineering,api,python,ivr,naturallanguageprocessing,mobile,machinelearning",Delhi,https://www.timesjobs.com/job-detail/machine-learning-nlp-paxcel-technologies-pvt-ltt-paxcom-india-p-ltd-delhi-0-to-3-yrs-jobid-A3BToEr6rEJzpSvf__PLUS__uAgZw==&source=srp
TiVo,"security,debugging,san,dts,python,algorithmdevelopment,teamplayer,problemsolving,machinelearning,imaging,opencv",,https://www.timesjobs.com/job-detail/associate-engineer-machine-learning-tivo-0-to-3-yrs-jobid-mGJtE0AUF__SLASH__NzpSvf__PLUS__uAgZw==&source=srp
WALMARTINDIA,"softskills,learning,timemanagement,leadershipdevelopment,compensation",,https://www.timesjobs.com/job-detail/intern-sr-data-scientist-walmart-india-0-to-2-yrs-jobid-UZtkc6nE2w1zpSvf__PLUS__uAgZw==&source=srp
WALMARTINDIA,"softskills,learning,timemanagement,leadershipdevelopment,compensation",,https://www.timesjobs.com/job-detail/intern-data-scientist-walmart-india-0-to-1-yrs-jobid-i3ds__PLUS__4JJB7ZzpSvf__PLUS__uAgZw==&source=srp
GettyImages,"leave,workforce,communication,healthbenefits,stressmanagement,learning,communicationskills,compensation,attendance",New York City,https://www.timesjobs.com/job-detail/senior-data-scientist-getty-images-new-york-city-0-to-1-yrs-jobid-tZ2gClk6OsNzpSvf__PLUS__uAgZw==&source=srp
TridiagonalSolutionsPvt.Ltd.,"manufacturing,chemicalengineering,chemicalengineer,innovation,teamwork,processdata,processengineering",Pune,https://www.timesjobs.com/job-detail/intern-data-scientist-tridiagonal-solutions-pvt-ltd-pune-0-to-3-yrs-jobid-kcjRzzqHZuFzpSvf__PLUS__uAgZw==&source=srp
TECHNOPARKTRIVANDRUM,"algorithms,python,machinelearning,git",Thiruvananthapuram,https://www.timesjobs.com/job-detail/machine-learning-engineer-l1-technopark-trivandrum-thiruvananthapuram-0-to-3-yrs-jobid-4rf9bsB8eyxzpSvf__PLUS__uAgZw==&source=srp
VSHSolutions,"python,datawarehousing,machinelearning,sql,nosql,java,git,ror,cassandra,mongodb",Pune,https://www.timesjobs.com/job-detail/senior-software-engineer-data-science-and-machine-learning-vsh-solutions-pune-0-to-3-yrs-jobid-172e7gTIJXZzpSvf__PLUS__uAgZw==&source=srp
e-consystemsindiapvt.ltd.,"algorithms,c,oops,machinelearning,machinevision",Chennai,https://www.timesjobs.com/job-detail/machine-learning-engineer-e-con-systems-india-pvt-ltd-chennai-0-to-4-yrs-jobid-HdBtQlQ2OmRzpSvf__PLUS__uAgZw==&source=srp
PUBLICISGROUPE,"algorithms,orchestration,artificialintelligence,ds,docker,java,python,machinelearning",Mumbai,https://www.timesjobs.com/job-detail/manager-ds-ai-machine-learning-publicis-groupe-mumbai-0-to-3-yrs-jobid-h__PLUS__Vw4__PLUS__vZIN1zpSvf__PLUS__uAgZw==&source=srp
NLPPeople,"algorithms,artificialintelligence,hci,html,datastructures,perl,imageprocessing,python,naturallanguageprocessing,artificialintelligence,machinelearning,artificialneuralnetworks,humancomputerinteraction,artificialneuralnetworks",Delhi,https://www.timesjobs.com/job-detail/startup-research-scientist-deep-learning-nlp-nlp-people-delhi-0-to-3-yrs-jobid-QTpiRBKuIPxzpSvf__PLUS__uAgZw==&source=srp
RedLotus,"datascientist,statisticalmodeling,datavisualization",Mumbai,https://www.timesjobs.com/job-detail/data-scientist-redlotus-mumbai-0-to-3-yrs-jobid-Y2huC__PLUS__QCa3FzpSvf__PLUS__uAgZw==&source=srp
HyreFoxConsultants,"datascience,datacleaning,datascientist,dashboards",Jaipur,https://www.timesjobs.com/job-detail/data-scientist-hyrefox-consultants-jaipur-0-to-3-yrs-jobid-Upc72iwmliRzpSvf__PLUS__uAgZw==&source=srp
PUBLICISGROUPE,"algorithms,orchestration,artificialintelligence,ds,docker,java,datastructures,python,machinelearning,productionenvironment",Bengaluru / Bangalore,https://www.timesjobs.com/job-detail/senior-associate-l2-ds-ai-machine-learning-publicis-groupe-bengaluru-bangalore-0-to-3-yrs-jobid-eXw40eowqaVzpSvf__PLUS__uAgZw==&source=srp
"MaxgenTechnologies
(MoreJobs)","students,dataanalytics","Mumbai,  Dombivali,  Kalyan,  Navi Mumbai,  Thane",https://www.timesjobs.com/job-detail/data-analytics-internship-in-mumbai-maxgen-technologies-mumbai-dombivali-kalyan-navi-mumbai-thane-0-to-1-yrs-jobid-1n31pjcTQe5zpSvf__PLUS__uAgZw==&source=srp
winzonetechnologypvtltd,"imageprocessing,python,c,sql,writtencommunication,games,bigdata",Delhi,https://www.timesjobs.com/job-detail/data-scientist-at-winzo-winzone-technology-pvt-ltd-delhi-0-to-3-yrs-jobid-__SLASH__0ua__PLUS__UB3K__PLUS__ZzpSvf__PLUS__uAgZw==&source=srp
"Vishal
(MoreJobs)",Fixedsalarywithincentivesparttimejob,"Lakshdweep,  Kakinada,  Kaithal,  Karnal,  Kanniyakumari",https://www.timesjobs.com/job-detail/we-offer-different-types-of-data-entry-sk-enterprise-lakshdweep-kakinada-kaithal-karnal-kanniyakumari-0-to-3-yrs-jobid-sHqzlV8GU3tzpSvf__PLUS__uAgZw==&source=srp
"Vishal
(MoreJobs)",Youcanchooseyourworkinghours,"Lakshdweep,  Kakinada,  Kaithal,  Karnal,  Kanniyakumari",https://www.timesjobs.com/job-detail/we-offer-different-types-of-data-entry-sk-enterprise-lakshdweep-kakinada-kaithal-karnal-kanniyakumari-0-to-3-yrs-jobid-8DxflsKCiVVzpSvf__PLUS__uAgZw==&source=srp
"Vishal
(MoreJobs)",Booktyingregularwork,"Lakshdweep,  Kakinada,  Kaithal,  Karnal,  Kanniyakumari",https://www.timesjobs.com/job-detail/we-offer-different-types-of-data-entry-sk-enterprise-lakshdweep-kakinada-kaithal-karnal-kanniyakumari-0-to-3-yrs-jobid-dE7jRag3vmhzpSvf__PLUS__uAgZw==&source=srp
"SoumyaGayen
(MoreJobs)","DataEntry,computeroperator,dataentryoperator,Typing,Medicaltranscription,medicaltranscriptionist,backoffice,BackOfficeOperations,researchanalyst","Pondicherry/Puducherry,  Dharwad,  Mangalore,  Bhopal,  Jaipur",https://www.timesjobs.com/job-detail/hiring-for-data-entry-work-from-home-soumya-gayen-pondicherry-puducherry-dharwad-mangalore-bhopal-jaipur-0-to-3-yrs-jobid-L9MnSH78VvxzpSvf__PLUS__uAgZw==&source=srp
"SoumyaGayen
(MoreJobs)","Computer,DataEntry,computeroperator,dataentryoperator,operator,Typing,Medicaltranscription,medicaltranscriptionist,backoffice,backofficesupport","Chittoor,  Nellore,  Warangal,  Vasco Da Gama,  Vadodara",https://www.timesjobs.com/job-detail/hiring-for-data-entry-work-from-home-vtech-llp-chittoor-nellore-warangal-vasco-da-gama-vadodara-0-to-3-yrs-jobid-el0lh9sf5rJzpSvf__PLUS__uAgZw==&source=srp
"Vishal
(MoreJobs)",Onlineparttimecopypastework,"Ahmedabad,  Guwahati,  Hissar,  Jind,  Sirsa",https://www.timesjobs.com/job-detail/hiring-5-back-office-executive-data-entry-operator-sk-solution-ahmedabad-guwahati-hissar-jind-sirsa-0-to-3-yrs-jobid-19LxSdS1MC5zpSvf__PLUS__uAgZw==&source=srp
"Vishal
(MoreJobs)",Excellentopportunity@workfromhomesuperparttimejobforhomework,"Delhi,  Guntakal,  Guntur,  Bhagalpur,  Other City(s) in Bihar",https://www.timesjobs.com/job-detail/best-part-time-job-data-entry-work-from-home-sk-solution-delhi-guntakal-guntur-bhagalpur-other-city-s-in-bihar-0-to-3-yrs-jobid-mn1I6jyo4ghzpSvf__PLUS__uAgZw==&source=srp
"Vishal
(MoreJobs)",Accountantcumbackofficeassistantrequired,"Chandigarh,  Pondicherry/Puducherry,  Karimnagar,  Vijayawada,  Raipur",https://www.timesjobs.com/job-detail/only-15-vacancies-left-for-offline-data-entry-work-sk-enterprise-chandigarh-pondicherry-puducherry-karimnagar-vijayawada-raipur-0-to-3-yrs-jobid-OPWSQMLHirVzpSvf__PLUS__uAgZw==&source=srp
"Vishal
(MoreJobs)",VACANCYFORBACKOFFICEINIndia/homebased,"Khammam,  Kurnool,  Nellore,  Rajahmundry,  Warangal",https://www.timesjobs.com/job-detail/hiring-back-office-data-entry-operator-call-us-sk-enterprise-khammam-kurnool-nellore-rajahmundry-warangal-0-to-3-yrs-jobid-K8hoEDV8aiBzpSvf__PLUS__uAgZw==&source=srp
"SoumyaGayen
(MoreJobs)","DataEntry,dataentryoperator,computeroperator,Freelance,workfromhome,MsOffice,PartTime,excel","Kurnool,  Panjim/Panaji,  Jaisalmer,  Jodhpur,  Coimbatore",https://www.timesjobs.com/job-detail/earn-money-with-data-entry-part-time-full-time-shree-vishla-technologies-kurnool-panjim-panaji-jaisalmer-jodhpur-coimbatore-0-to-3-yrs-jobid-8lxAH8aljjNzpSvf__PLUS__uAgZw==&source=srp
"Vishal
(MoreJobs)",Fromyoungtooldpassyourtimebyearningfromhomebasedparttime,"Kolkata,  Hissar,  Jhajjar,  Rewari,  Indore",https://www.timesjobs.com/job-detail/call-us-for-offline-e-book-typing-work-at-home-data-entry-jobs-sk-solution-kolkata-hissar-jhajjar-rewari-indore-0-to-3-yrs-jobid-nVPqiskY4GVzpSvf__PLUS__uAgZw==&source=srp
CONNECTING2WORK,"hive,datamining,bi,sql,database,java,hadoop,bigdata,python,c,impala,mapreduce,hdfs",Thiruvananthapuram,https://www.timesjobs.com/job-detail/data-scientist-connecting-2-work-thiruvananthapuram-0-to-3-yrs-jobid-ZyCzg65wBxNzpSvf__PLUS__uAgZw==&source=srp
"Vishal
(MoreJobs)","Oneroundinterviewforbackend,dataentry","Medak,  Nellore,  Vijayawada,  Rajkot,  Bhiwani",https://www.timesjobs.com/job-detail/we-are-well-government-registered-we-are-providing-online-job-sk-solution-medak-nellore-vijayawada-rajkot-bhiwani-0-to-3-yrs-jobid-hc7yAxAQ1sBzpSvf__PLUS__uAgZw==&source=srp
"Vishal
(MoreJobs)",Bestparttimejobdataentryworkfromhome,"Ahmedabad,  Guwahati,  Hissar,  Jind,  Sirsa",https://www.timesjobs.com/job-detail/work-from-home-mobile-to-earn-money-from-anywhere-in-india-sk-solution-ahmedabad-guwahati-hissar-jind-sirsa-0-to-3-yrs-jobid-7XSHSv1KmW9zpSvf__PLUS__uAgZw==&source=srp
"Vishal
(MoreJobs)","Oneroundinterviewforbackend,dataentry,,voicenon-voice","Delhi,  Guntakal,  Guntur,  Bhagalpur,  Other City(s) in Bihar",https://www.timesjobs.com/job-detail/a-drive-to-make-additional-income-in-your-spear-time-sk-solution-delhi-guntakal-guntur-bhagalpur-other-city-s-in-bihar-0-to-3-yrs-jobid-0WL4ZMlJfE5zpSvf__PLUS__uAgZw==&source=srp
"Vishal
(MoreJobs)","Oneroundinterviewforbackend,dataentry,,voicenon-voice","Chennai,  Kolkata,  Kakinada,  Karimnagar,  Warangal",https://www.timesjobs.com/job-detail/a-drive-to-make-additional-income-in-your-spear-time-sk-solution-chennai-kolkata-kakinada-karimnagar-warangal-0-to-3-yrs-jobid-Eu488MDE5hlzpSvf__PLUS__uAgZw==&source=srp
"AirJob
(MoreJobs)","AirportHandlingOperationGroundHandling,AirportSecurity,AirlineTicketing,cabincrew,BackOfficeOperations,computeroperator,dataentry,officeassistant","Gulbarga,  Hubli,  Kolar,  Mangalore,  Mysoru / Mysore",https://www.timesjobs.com/job-detail/airline-airport-job-cabin-crew-ground-staff-all-india-job-airline-aviation-ltd-gulbarga-hubli-kolar-mangalore-mysoru-mysore-0-to-3-yrs-jobid-8__SLASH__6uWwWJZFpzpSvf__PLUS__uAgZw==&source=srp
"AirJob
(MoreJobs)","AirportHandlingOperationGroundHandling,AirportSecurity,AirlineTicketing,cabincrew,BackOfficeOperations,computeroperator,dataentry,officeassistant","Asansol,  Burdwan,  Durgapur,  Haldia,  Kharagpur",https://www.timesjobs.com/job-detail/airline-airport-job-cabin-crew-ground-staff-all-india-job-airline-aviation-ltd-asansol-burdwan-durgapur-haldia-kharagpur-0-to-3-yrs-jobid-zM__SLASH__3gGr3diNzpSvf__PLUS__uAgZw==&source=srp
"AirJob
(MoreJobs)","AirportHandlingOperationGroundHandling,AirportSecurity,AirlineTicketing,cabincrew,BackOfficeOperations,computeroperator,dataentry,officeassistant","Belgaum,  Bellary,  Bidar,  Davanagere,  Dharwad",https://www.timesjobs.com/job-detail/airline-airport-job-cabin-crew-ground-staff-all-india-job-airline-aviation-ltd-belgaum-bellary-bidar-davanagere-dharwad-0-to-3-yrs-jobid-2cMj3X3J0eJzpSvf__PLUS__uAgZw==&source=srp
"AirJob
(MoreJobs)","AirportHandlingOperationGroundHandling,AirportSecurity,AirlineTicketing,cabincrew,BackOfficeOperations,computeroperator,dataentry,officeassistant","Bareilly,  Gorakhpur,  Kanpur,  Lucknow,  Varanasi / Banaras",https://www.timesjobs.com/job-detail/airline-airport-job-cabin-crew-ground-staff-all-india-job-airline-aviation-ltd-bareilly-gorakhpur-kanpur-lucknow-varanasi-banaras-0-to-3-yrs-jobid-4EUz__PLUS__0TVWVRzpSvf__PLUS__uAgZw==&source=srp
"AirJob
(MoreJobs)","AirportHandlingOperationGroundHandling,AirportSecurity,AirlineTicketing,cabincrew,BackOfficeOperations,computeroperator,dataentry,officeassistant","Udhampur,  Bokaro,  Dhanbad,  Jamshedpur,  Ranchi",https://www.timesjobs.com/job-detail/airline-airport-job-cabin-crew-ground-staff-all-india-job-airline-aviation-ltd-udhampur-bokaro-dhanbad-jamshedpur-ranchi-0-to-3-yrs-jobid-VwB1Ahx4BdZzpSvf__PLUS__uAgZw==&source=srp
"AirJob
(MoreJobs)","AirportHandlingOperationGroundHandling,AirportSecurity,AirlineTicketing,cabincrew,BackOfficeOperations,computeroperator,dataentry,officeassistant","Jodhpur,  Kota,  Udaipur,  Agra,  Allahabad",https://www.timesjobs.com/job-detail/airline-airport-job-cabin-crew-ground-staff-all-india-job-airline-aviation-ltd-jodhpur-kota-udaipur-agra-allahabad-0-to-3-yrs-jobid-AogzLKGfN6hzpSvf__PLUS__uAgZw==&source=srp
"AirJob
(MoreJobs)","AirportHandlingOperationGroundHandling,AirportSecurity,AirlineTicketing,cabincrew,BackOfficeOperations,computeroperator,dataentry,officeassistant","Leh,  Poonch,  Pulwama,  Rajouri,  Srinagar",https://www.timesjobs.com/job-detail/airline-airport-job-cabin-crew-ground-staff-all-india-job-airline-aviation-ltd-leh-poonch-pulwama-rajouri-srinagar-0-to-3-yrs-jobid-X5jjq7zYN1NzpSvf__PLUS__uAgZw==&source=srp
"AirJob
(MoreJobs)","AirportHandlingOperationGroundHandling,AirportSecurity,AirlineTicketing,cabincrew,BackOfficeOperations,computeroperator,dataentry,officeassistant","Ajmer,  Alwar,  Bikaner,  Jaipur,  Jaisalmer",https://www.timesjobs.com/job-detail/airline-airport-job-cabin-crew-ground-staff-all-india-job-airline-aviation-ltd-ajmer-alwar-bikaner-jaipur-jaisalmer-0-to-3-yrs-jobid-L8vi__PLUS__vVsq__SLASH__RzpSvf__PLUS__uAgZw==&source=srp
"AirJob
(MoreJobs)","AirportHandlingOperationGroundHandling,AirportSecurity,AirlineTicketing,cabincrew,BackOfficeOperations,computeroperator,dataentry,officeassistant","Doda,  Jammu,  Kargil,  Kathua,  Kupwara",https://www.timesjobs.com/job-detail/airline-airport-job-cabin-crew-ground-staff-all-india-job-airline-aviation-ltd-doda-jammu-kargil-kathua-kupwara-0-to-3-yrs-jobid-SVN__SLASH__Y40eslFzpSvf__PLUS__uAgZw==&source=srp
"AirJob
(MoreJobs)","AirportHandlingOperationGroundHandling,AirportSecurity,AirlineTicketing,cabincrew,BackOfficeOperations,computeroperator,dataentry,officeassistant","Nawanshahr,  Pathankot,  Patiala,  Ropar,  Sangrur",https://www.timesjobs.com/job-detail/airline-airport-job-cabin-crew-ground-staff-all-india-job-airline-aviation-ltd-nawanshahr-pathankot-patiala-ropar-sangrur-0-to-3-yrs-jobid-LMoAOA6me0dzpSvf__PLUS__uAgZw==&source=srp
"Vishal
(MoreJobs)",Only15vacanciesleftforofflinedataentrywork,"Nizamabad,  Ongole,  Surat,  Karnal,  Kanniyakumari",https://www.timesjobs.com/job-detail/income-daily-with-part-time-work-sk-enterprise-nizamabad-ongole-surat-karnal-kanniyakumari-0-to-3-yrs-jobid-jUGAuDS9rXlzpSvf__PLUS__uAgZw==&source=srp
"AirJob
(MoreJobs)","AirportHandlingOperationGroundHandling,AirportSecurity,AirlineTicketing,cabincrew,BackOfficeOperations,computeroperator,dataentry,officeassistant","Lahaul & Spiti,  Manali,  Mandi,  Nalagarh,  Parwanoo",https://www.timesjobs.com/job-detail/airline-airport-job-cabin-crew-ground-staff-all-india-job-airline-aviation-ltd-lahaul-spiti-manali-mandi-nalagarh-parwanoo-0-to-3-yrs-jobid-ADsxQoDfPMlzpSvf__PLUS__uAgZw==&source=srp
